Given_Header,Adjusted_Header,Predicted_Header
Full Name,Fullname,Fullname
Address,Address,Address
City,City,City
State ,St,St
Zip+4,Zip,Zip
County,County,County
Lien Type,Lientype,Lientype
Plaintiff,Creditor,Creditor
Filing NUMBER,Filingnum,Filingnum
Filing Date,Filingdate,Filingdate
Amount,Amount,Amount
Respond by,Respondby,Respondby
Number,Phone,Phone
Full Name,Fullname,Fullname
Address,Address,Address
City,City,City
State ,St,St
Zip+4,Zip,Zip
County,County,County
Lien Type,Lientype,Lientype
Plaintiff,Creditor,Creditor
Filing Date,Filingdate,Filingdate
Amount,Amount,Amount
Number,Phone,Phone
Respond by,Respondby,Respondby
Filing Number,Filingnum,Filingnum
Last,Last,Last
FullName,Fullname,Fullname
Address,Address,Address
City,City,City
S,St,St
Zip,Zip,Zip
County,County,County
LienType,Lientype,Lientype
Creditor ,Creditor,Creditor
FilingDate,Filingdate,Filingdate
Amount,Amount,Amount
Filingnum,Filingnum,Filingnum
Phone,Phone,Phone
respond by,Respondby,Respondby
Last,Last,Last
FullName,Fullname,Fullname
Address,Address,Address
City,City,City
St,St,St
Zip,Zip,Zip
County,County,County
LienType,Lientype,Lientype
Creditor ,Creditor,Creditor
FilingDate,Filingdate,Filingdate
Amount,Amount,Amount
Filingnum,Filingnum,Filingnum
Phone,Phone,Phone
Respondby,Respondby,Respondby
FullName,Fullname,Fullname
Address,Address,Address
City,City,City
St ,St,St
Zip,Zip,Zip
County,County,County
LienType,Lientype,Lientype
Creditor ,Creditor,Creditor
FilingDate,Filingdate,Filingdate
Amount,Amount,Amount
Filingnum,Filingnum,Filingnum
Phone,Phone,Phone
RespondBy,Respondby,Respondby
Last,Last,Last
FullName,Fullname,Fullname
Address,Address,Address
City,City,City
St,St,St
Zip,Zip,Zip
County,County,County
Lien Type,Lientype,Lientype
Creditor ,Creditor,Creditor
FilingDate,Filingdate,Filingdate
Amount,Amount,Amount
Phone,Phone,Phone
Filingnum,Filingnum,Filingnum
Respondby,Respondby,Respondby
First,First,First
Last,Last,Last
Address,Address,Address
CITY,City,City
ST,St,St
ZIP,Zip,Zip
LienTYPE,Lientype,Lientype
CREDITOR,Creditor,Creditor
AMOUNTT,Amount,Amount
Filingnum,Filingnum,Filingnum
FILEDATE,Filingdate,Filingdate
respondby,Respondby,Respondby
Phone,Phone,Phone
Last,Last,Last
FullName,Fullname,Fullname
Address,Address,Address
City,City,City
St,St,St
Zip,Zip,Zip
County,County,County
Lien Type,Lientype,Lientype
Creditor ,Creditor,Creditor
FilingDate,Filingdate,Filingdate
Amount,Amount,Amount
respondby,Respondby,Respondby
Phone,Phone,Phone
Filingnum,Filingnum,Filingnum
Last,Last,Last
FullName,Fullname,Fullname
Address,Address,Address
City,City,City
St,St,St
Zip,Zip,Zip
County,County,County
LienType,Lientype,Lientype
Creditor ,Creditor,Creditor
FilingDate,Filingdate,Filingdate
Amount,Amount,Amount
Filingnum,Filingnum,Filingnum
Phone,Phone,Phone
Respondby,Respondby,Respondby
Last,Last,Last
FullName,Fullname,Fullname
Address,Address,Address
City,City,City
Ste,St,St
Zip,Zip,Zip
County,County,County
Lien Type,Lientype,Lientype
Creditor ,Creditor,Creditor
Filing Date,Filingdate,Filingdate
Amount,Amount,Amount
Phone,Phone,Phone
Respondby,Respondby,Respondby
Filingnum,Filingnum,Filingnum
Last,Last,Last
FullName,Fullname,Fullname
Address,Address,Address
City,City,City
St ,St,St
Zip,Zip,Zip
County,County,County
LienType,Lientype,Lientype
Creditor ,Creditor,Creditor
FilingDate,Filingdate,Filingdate
Amount,Amount,Amount
Phone,Phone,Phone
Filingnum,Filingnum,Filingnum
Respondby,Respondby,Respondby
First Name,First,First
Last Name,Last,Last
Full Name,Fullname,Fullname
Address,Address,Address
City,City,City
State ,St,St
Zip+4,Zip,Zip
County,County,County
Lien Type,Lientype,Lientype
Creditor ,Creditor,Creditor
Filing Date,Filingdate,Filingdate
Amount,Amount,Amount
Number,Phone,Phone
Respond by,Respondby,Respondby
First Name,First,First
Last Name,Last,Last
Full Name,Fullname,Fullname
Address,Address,Address
City,City,City
State ,St,St
Zip+4,Zip,Zip
County,County,County
Lien Type,Lientype,Lientype
Creditor ,Creditor,Creditor
Filing Date,Filingdate,Filingdate
Amount,Amount,Amount
number,Phone,Phone
respond by,Respondby,Respondby
First Name,First,First
Full Name,Fullname,Fullname
Address,Address,Address
City,City,City
State ,St,St
Zip+4,Zip,Zip
County,County,County
Lien Type,Lientype,Lientype
Creditor ,Creditor,Creditor
Filing Date,Filingdate,Filingdate
Amount,Amount,Amount
Number,Phone,Phone
Respond By ,Respondby,Respondby
First Name,First,First
Last Name,Last,Last
Full Name,Fullname,Fullname
Address,Address,Address
City,City,City
State ,St,St
Zip+4,Zip,Zip
County,County,County
Lien Type,Lientype,Lientype
Creditor ,Creditor,Creditor
Filing Date,Filingdate,Filingdate
Amount,Amount,Amount
Respond by,Respondby,Respondby
First Name,First,First
Full Name,Fullname,Fullname
Address,Address,Address
City,City,City
State ,St,St
Zip+4,Zip,Zip
County,County,County
Lien Type,Lientype,Lientype
Creditor ,Creditor,Creditor
Filing Date,Filingdate,Filingdate
Amount,Amount,Amount
Phone Number,Phone,Phone
Respond By,Respondby,Respondby
First Name,First,First
Last Name,Last,Last
Full Name,Fullname,Fullname
Address,Address,Address
City,City,City
State ,St,St
Zip+4,Zip,Zip
County,County,County
Lien Type,Lientype,Lientype
Creditor ,Creditor,Creditor
Filing Date,Filingdate,Filingdate
Amount,Amount,Amount
number,Phone,Phone
respond by,Respondby,Respondby
First Name,First,First
Last Name,Last,Last
Full Name,Fullname,Fullname
Address,Address,Address
City,City,City
State ,St,St
Zip+4,Zip,Zip
County,County,County
Lien Type,Lientype,Lientype
Creditor ,Creditor,Creditor
Filing Date,Filingdate,Filingdate
Amount,Amount,Amount
Respond by ,Respondby,Respondby
Number,Phone,Phone
First Name,First,First
Last Name,Last,Last
Full Name,Fullname,Fullname
Address,Address,Address
City,City,City
State ,St,St
Zip+4,Zip,Zip
County,County,County
Lien Type,Lientype,Lientype
Creditor ,Creditor,Creditor
Filing Date,Filingdate,Filingdate
Amount,Amount,Amount
respond by,Respondby,Respondby
Number,Phone,Phone
First Name,First,First
Full Name,Fullname,Fullname
Address,Address,Address
City,City,City
State ,St,St
Zip+4,Zip,Zip
County,County,County
Lien Type,Lientype,Lientype
Creditor ,Creditor,Creditor
Filing Date,Filingdate,Filingdate
Amount,Amount,Amount
number,Phone,Phone
respond by,Respondby,Respondby
First Name,First,First
Last Name,Last,Last
Full Name,Fullname,Fullname
Address,Address,Address
City,City,City
State ,St,St
Zip+4,Zip,Zip
County,County,County
Lien Type,Lientype,Lientype
Creditor ,Creditor,Creditor
Filing Date,Filingdate,Filingdate
Amount,Amount,Amount
number,Phone,Phone
Respond by,Respondby,Respondby
First Name,First,First
Full Name,Fullname,Fullname
Address,Address,Address
City,City,City
State ,St,St
Zip+4,Zip,Zip
County,County,County
Lien Type,Lientype,Lientype
Creditor ,Creditor,Creditor
Filing Date,Filingdate,Filingdate
Amount,Amount,Amount
respond by,Respondby,Respondby
Number,Phone,Phone
First Name,First,First
Last Name,Last,Last
Full Name,Fullname,Fullname
Address,Address,Address
City,City,City
State ,St,St
Zip+4,Zip,Zip
County,County,County
Lien Type,Lientype,Lientype
Creditor ,Creditor,Creditor
Filing Date,Filingdate,Filingdate
Amount,Amount,Amount
Respond by,Respondby,Respondby
Number,Phone,Phone
First Name,First,First
Last Name,Last,Last
Full Name,Fullname,Fullname
Address,Address,Address
City,City,City
State ,St,St
Zip+4,Zip,Zip
County,County,County
Lien Type,Lientype,Lientype
Creditor ,Creditor,Creditor
Filing Date,Filingdate,Filingdate
Amount,Amount,Amount
respond by,Respondby,Respondby
Number,Phone,Phone
First Name,First,First
Last Name,Last,Last
Full Name,Fullname,Fullname
Address,Address,Address
City,City,City
State ,St,St
Zip+4,Zip,Zip
County,County,County
Lien Type,Lientype,Lientype
Creditor ,Creditor,Creditor
Filing Date,Filingdate,Filingdate
Amount,Amount,Amount
Respond by,Respondby,Respondby
Number ,Phone,Phone
First Name,First,First
Last Name,Last,Last
Full Name,Fullname,Fullname
Address,Address,Address
City,City,City
State ,St,St
Zip+4,Zip,Zip
County,County,County
Lien Type,Lientype,Lientype
Creditor ,Creditor,Creditor
Filing Date,Filingdate,Filingdate
Amount,Amount,Amount
respond by ,Respondby,Respondby
Number,Phone,Phone
10% amount,M_10amount,M_10amount
15% amount,M_15amount,M_15amount
10 amount,M_10amount,M_10amount
15 amount,M_15amount,M_15amount
10%amount,M_10amount,M_10amount
15%amount,M_15amount,M_15amount
10amount,M_10amount,M_10amount
15amount,M_15amount,M_15amount
10% amountt,M_10amount,M_10amount
15% amountt,M_15amount,M_15amount
total,totalamount,totalamount
ttotal,totalamount,totalamount
First ,First,First
Last,Last,Last
FullName,Fullname,Fullname
Address,Address,Address
City,City,City
St ,St,St
Zip,Zip,Zip
County,County,County
LienType,Lientype,Lientype
Creditor ,Creditor,Creditor
FilingDate,Filingdate,Filingdate
Amount,Amount,Amount
Phone,Phone,Phone
Filingnum,Filingnum,Filingnum
Respondby,Respondby,Respondby
First,First,First
Last ,Last,Last
FullName,Fullname,Fullname
Address,Address,Address
City,City,City
St,St,St
Zip,Zip,Zip
County,County,County
Lien Type,Lientype,Lientype
Creditor ,Creditor,Creditor
Filing Date,Filingdate,Filingdate
Amount,Amount,Amount
phone ,Phone,Phone
respondby,Respondby,Respondby
Filingnum,Filingnum,Filingnum
First,First,First
Last,Last,Last
FullName,Fullname,Fullname
Address,Address,Address
City,City,City
St,St,St
Zip,Zip,Zip
County,County,County
Lien Type,Lientype,Lientype
Creditor ,Creditor,Creditor
Filing Date,Filingdate,Filingdate
Amount,Amount,Amount
respondby ,Respondby,Respondby
phone,Phone,Phone
Filingnum,Filingnum,Filingnum
First,First,First
Last,Last,Last
FullName,Fullname,Fullname
Address,Address,Address
City,City,City
St ,St,St
Zip,Zip,Zip
County,County,County
LienType,Lientype,Lientype
Creditor ,Creditor,Creditor
FilingDate,Filingdate,Filingdate
Amount,Amount,Amount
phone,Phone,Phone
respondby ,Respondby,Respondby
filingnum,Filingnum,Filingnum
First,First,First
Last,Last,Last
FullName,Fullname,Fullname
Address,Address,Address
City,City,City
St ,St,St
Zip,Zip,Zip
County,County,County
LienType,Lientype,Lientype
Creditor ,Creditor,Creditor
FilingDate,Filingdate,Filingdate
Amount,Amount,Amount
Phone,Phone,Phone
Filingnum,Filingnum,Filingnum
respondby,Respondby,Respondby
First,First,First
Last,Last,Last
Full Name,Fullname,Fullname
Address,Address,Address
City,City,City
St,St,St
Zip,Zip,Zip
County,County,County
LienType,Lientype,Lientype
Creditor ,Creditor,Creditor
FilingDate,Filingdate,Filingdate
Amount,Amount,Amount
number,Phone,Phone
respond by,Respondby,Respondby
filingnum,Filingnum,Filingnum
First,First,First
Last,Last,Last
FullName,Fullname,Fullname
Address,Address,Address
City,City,City
St,St,St
Zip,Zip,Zip
County,County,County
LienType,Lientype,Lientype
Creditor ,Creditor,Creditor
FilingDate,Filingdate,Filingdate
Amount,Amount,Amount
10% amount,M_10amount,M_10amount
15% amount,M_15amount,M_15amount
Total,totalamount,totalamount
Phone,Phone,Phone
Respondby,Respondby,Respondby
Filingnum,Filingnum,Filingnum
First,First,First
Last,Last,Last
FullName,Fullname,Fullname
Address,Address,Address
City,City,City
St,St,St
Zip,Zip,Zip
County,County,County
LienType,Lientype,Lientype
Creditor ,Creditor,Creditor
FilingDate,Filingdate,Filingdate
Amount,Amount,Amount
10% amount,M_10amount,M_10amount
15% amount,M_15amount,M_15amount
total,totalamount,totalamount
Phone,Phone,Phone
Respond by,Respondby,Respondby
Filingnum,Filingnum,Filingnum
First,First,First
FullName,Fullname,Fullname
Address,Address,Address
City,City,City
St,St,St
Zip,Zip,Zip
County,County,County
LienType,Lientype,Lientype
Creditor ,Creditor,Creditor
FilingDate,Filingdate,Filingdate
Amount,Amount,Amount
number,Phone,Phone
respondby,Respondby,Respondby
Filingnum,Filingnum,Filingnum
First,First,First
Last,Last,Last
FullName,Fullname,Fullname
Address,Address,Address
City,City,City
St,St,St
Zip,Zip,Zip
County,County,County
LienType,Lientype,Lientype
Creditor ,Creditor,Creditor
FilingDate,Filingdate,Filingdate
Amount,Amount,Amount
respondby ,Respondby,Respondby
Phone,Phone,Phone
Filingnum,Filingnum,Filingnum
First,First,First
Last,Last,Last
FullName,Fullname,Fullname
Address,Address,Address
City,City,City
St ,St,St
Zip,Zip,Zip
County,County,County
LienType,Lientype,Lientype
Creditor ,Creditor,Creditor
FilingDate,Filingdate,Filingdate
Amount,Amount,Amount
phone ,Phone,Phone
Respondby,Respondby,Respondby
Filingnum,Filingnum,Filingnum
First,First,First
Last,Last,Last
FullName,Fullname,Fullname
Address,Address,Address
City,City,City
St,St,St
Zip,Zip,Zip
County,County,County
LienType,Lientype,Lientype
Creditor ,Creditor,Creditor
FilingDate,Filingdate,Filingdate
Amount,Amount,Amount
Phone ,Phone,Phone
Respondby,Respondby,Respondby
Filingnum,Filingnum,Filingnum
First,First,First
Last,Last,Last
FullName,Fullname,Fullname
Address,Address,Address
City,City,City
St ,St,St
Zip,Zip,Zip
County,County,County
LienType,Lientype,Lientype
Creditor ,Creditor,Creditor
FilingDate,Filingdate,Filingdate
Amount,Amount,Amount
Phone ,Phone,Phone
Respondby,Respondby,Respondby
Filingnum,Filingnum,Filingnum
First,First,First
Last,Last,Last
Full Name,Fullname,Fullname
Address,Address,Address
City,City,City
State ,St,St
Zip,Zip,Zip
County,County,County
LienType,Lientype,Lientype
Creditor ,Creditor,Creditor
FilingDate,Filingdate,Filingdate
Amount,Amount,Amount
Phone ,Phone,Phone
Respondby,Respondby,Respondby
Filingnum,Filingnum,Filingnum
First,First,First
Last,Last,Last
FullName,Fullname,Fullname
Address,Address,Address
City,City,City
St,St,St
Zip,Zip,Zip
County,County,County
LienType,Lientype,Lientype
Creditor ,Creditor,Creditor
FilingDate,Filingdate,Filingdate
Amount,Amount,Amount
Phone ,Phone,Phone
Respondby,Respondby,Respondby
Filingnum,Filingnum,Filingnum
First,First,First
Last,Last,Last
FullName,Fullname,Fullname
Address,Address,Address
City,City,City
St,St,St
Zip,Zip,Zip
County,County,County
LienType,Lientype,Lientype
Creditor ,Creditor,Creditor
Filing Date,Filingdate,Filingdate
Amount,Amount,Amount
Phone ,Phone,Phone
Respondby,Respondby,Respondby
Filingnum,Filingnum,Filingnum
First Name,First,First
Full Name,Fullname,Fullname
Address,Address,Address
City,City,City
State ,St,St
Zip+4,Zip,Zip
County,County,County
Lien Type,Lientype,Lientype
Creditor,Creditor,Creditor
FilingDate,Filingdate,Filingdate
Amount,Amount,Amount
Phone,Phone,Phone
Respond By,Respondby,Respondby
Filingnum,Filingnum,Filingnum
First,First,First
Last,Last,Last
FullName,Fullname,Fullname
Address,Address,Address
City,City,City
St,St,St
Zip,Zip,Zip
County,County,County
LienType,Lientype,Lientype
Creditor ,Creditor,Creditor
FilingDate,Filingdate,Filingdate
Amount,Amount,Amount
Phone ,Phone,Phone
Respondby,Respondby,Respondby
Filingnum,Filingnum,Filingnum
First,First,First
Last,Last,Last
FullName,Fullname,Fullname
Address,Address,Address
City,City,City
St ,St,St
Zip,Zip,Zip
County,County,County
LienType,Lientype,Lientype
Creditor ,Creditor,Creditor
FilingDate,Filingdate,Filingdate
Amount,Amount,Amount
Phone ,Phone,Phone
Respondby,Respondby,Respondby
Filingnum,Filingnum,Filingnum
First,First,First
Last,Last,Last
FullName,Fullname,Fullname
Address,Address,Address
City,City,City
St,St,St
Zip,Zip,Zip
County,County,County
LienType,Lientype,Lientype
Creditor ,Creditor,Creditor
FilingDate,Filingdate,Filingdate
Amount,Amount,Amount
respond by,Respondby,Respondby
Phone,Phone,Phone
Filingnum,Filingnum,Filingnum
First,First,First
Last,Last,Last
FullName,Fullname,Fullname
Address,Address,Address
City,City,City
St,St,St
Zip,Zip,Zip
County,County,County
LienType,Lientype,Lientype
Creditor ,Creditor,Creditor
Filing Date,Filingdate,Filingdate
Amount,Amount,Amount
Filingnum,Filingnum,Filingnum
Phone,Phone,Phone
Respondby,Respondby,Respondby
First,First,First
Last,Last,Last
FullName,Fullname,Fullname
Address,Address,Address
City,City,City
St ,St,St
Zip,Zip,Zip
County,County,County
LienType,Lientype,Lientype
Creditor ,Creditor,Creditor
FilingDate,Filingdate,Filingdate
Amount,Amount,Amount
Phone,Phone,Phone
Respondby,Respondby,Respondby
Filingnum,Filingnum,Filingnum
First ,First,First
Last ,Last,Last
FullName,Fullname,Fullname
Address,Address,Address
City,City,City
St,St,St
Zip,Zip,Zip
County,County,County
Lien Type,Lientype,Lientype
Creditor ,Creditor,Creditor
Filing Date,Filingdate,Filingdate
Amount,Amount,Amount
respondby,Respondby,Respondby
phone,Phone,Phone
Filingnum,Filingnum,Filingnum
